Nils Niklas;Kuusk;34106250940
Milana;Ilves;49703093261
Oskar;Semenov;34908054006
Kristiina;Kütt;48911201161
Karl;Lepp;36512083692
Mirtel;Mägi;46012020273
Aleksei;Pärn;38307044661
Säsili;Sepp;44205272619
Aleksei;Lepp;37312211925
Jekaterina;Rebane;47707304338
Martin;Sepp;34906270778
Wilhelmina Anna;Pavlov;45209112451
Riff;Popov;39403300715
Darja;Petrov;49502132727
Ozzy;Vaher;38804220003
Diana;Põder;47401300197
Vakk;Kask;39106172506
Aleksandra;Kask;47110273520
Markus;Rebane;37012242784
Suzet Meribel;Tamm;46505233425
Martin;Kukk;34004031600
Darja;Kukk;46107161473
Kaspar;Semenov;34001022483
Jekaterina;Vaher;47907254687
Oliver;Lepik;37704304432
Mirtel;Oja;47911251842
Tõru;Sepp;35905112509
Aleksandra;Andreev;47409083541
Daniil;Semenov;38811202085
Täheke;Kukk;47602231886
Oliver;Alekseev;39709024016
Alina;Oja;49601234315
Nils Niklas;Saar;39508133061
Mia;Oja;49003224204
Markus;Sepp;37809130816
Alina;Popov;49304283935
Kristofer;Kuusk;38404210689
Susi;Lepp;46403202889
Stiiv;Rebane;34211273013
Triin;Rebane;45404210036
Tõru;Rebane;39212104183
Liisa;Sepp;44907270420
Martin;Petrov;36612223122
Pääsu Lee;Kuusk;44307222098
Nikita;Pavlov;34905100149
Sohvi;Lepp;49801021918
Cornelius;Smirnov;39104161729
Linda;Oja;44508043265
Kristofer;Oja;34502024984
Laura;Pavlov;48008140154
Sebastian;Raudsepp;36204031389
Marii Loreen;Popov;48111294501
Amor;Kütt;39802170887
Linda;Fjodorov;48409013638
Mihkel;Popov;37601122774
Alina;Stepanov;45904173484
Karl;Semenov;38006022936
Kristiina;Saar;44712280896
Artur;Pärn;35109213409
Tuule;Kask;44010041394
Oliver;Pärn;34305171418
Valeria;Mihhailov;46007314801
Karla;Andreev;36202111924
Alina;Lepp;45101304256
Romet;Andreev;37007222637
Ella Maria;Lepp;47212172866
Karl;Semenov;37012111565
Wilhelmina Anna;Alekseev;47311192179
Aiden;Petrov;36403152824
Mirtel;Stepanov;49512052271
Mattias;Pavlov;34203164412
Anastassia;Oja;45702031441
Martin;Raudsepp;37809223706
Arina;Mägi;48602040745
Kaspar;Sepp;35702191536
Liisa;Semenov;45802220452
Ozzy;Mägi;35906112982
Päike;Sepp;47608252775
Aleksei;Kukk;37809121624
Marta;Mägi;45901104889
Mihkel;Vasiliev;36303104847
Rilleriin;Andreev;46904174799
Ozzy;Karu;35207172900
Liis;Raudsepp;47904043612
Nikita;Smirnov;38101053627
Lumi;Mihhailov;44912083140
Cornelius;Põder;39912110992
Mann;Semenov;48502091203
Aleksei;Koppel;34408244159
Karina ;Vasiliev;45507302121
Pent Ramses;Vaher;35011290328
Lumi;Rebane;46501184168
Kaspar;Karu;36102031637
Sandra;Smirnov;49506192016
Karl;Kuusk;34703244858
Alina;Ilves;47604271621
Rasmus;Kuusk;38711254800
Linda;Alekseev;46709300641
Karm;Lepp;39703130588
Säsili;Fjodorov;46804024115
